name,display_name,user_id,bio,followers_count,following_count,acct_created,location
SenCortezMasto,Senator Cortez Masto,811313565760163844,U.S. Senator from the great state of Nevada.,21335,447,2016-12-20 20:53:22,
SenKamalaHarris,Kamala Harris,803694179079458816,Official Twitter account of U.S. Senator Kamala Harris.,287248,543,2016-11-29 20:16:39,
SenBooker,Sen. Cory Booker,2167097881,"The U.S. Senate Office of Cory Booker, D-NJ. Tweets by staff.",62049,6045,2013-10-31 19:02:04,"New Jersey * Washington, DC"
chuckschumer,Chuck Schumer,1872999342,"Campaign account for Senator Chuck Schumer, D-NY Fighting hard for the middle class - father, husband, Giants & Yankees fan",17764,55,2013-09-16 21:08:18,
SchatzforHawaii,Team Schatz,1284467173,Follow this account to keep track of Senator Brian Schatz's campaign and to learn more about how you can help in your area!,1197,1796,2013-03-20 22:41:07,
SenKaineOffice,Office of Sen. Kaine,1267940407,Official twitter account for the office of U.S. Senator Tim Kaine of Virginia,6075,211,2013-03-14 20:33:03,
SenBrianSchatz,Senator Brian Schatz,1262099252,"Tweets from the Office of U.S. Senator Brian Schatz, representing the great state of Hawaii.",27030,1411,2013-03-12 14:23:20,
EdMarkey,Ed Markey,1129029661,Official campaign account for United States Senator Ed Markey. Tweets from Ed are signed -EM,15729,463,2013-01-28 19:40:18,Massachusetts
MartinHeinrich,Martin Heinrich,1099199839,United States Senator from New Mexico,123527,508,2013-01-17 20:24:19,
SenatorBaldwin,Sen. Tammy Baldwin,1074518754,"Official Twitter account of United States Senator Tammy Baldwin's office, proudly working for the State of Wisconsin. Tweets from Tammy are signed -TB.",78108,2681,2013-01-09 18:29:44,"Washington, D.C."
SenAngusKing,Senator Angus King,1068481578,News from the office of Independent U.S. Senator Angus King of Maine. Operated by the Press Team. Following/retweeting does not equal an endorsement.,131840,544,2013-01-07 14:52:27,
SenatorHeitkamp,Sen. Heidi Heitkamp,1061029050,"Official Twitter account for Heidi Heitkamp, U.S. Senator for #NorthDakota. Learn more on Facebook: https://t.co/kNHKJmIT9F‚Ä¶. Instagram: https://t.co/lJqjxdVnBC",63091,769,2013-01-04 17:57:48,
SenDuckworth,Tammy Duckworth,1058520120,"Official Twitter account for Tammy Duckworth's Senate office. Posts by staff unless signed - TD. For more information, visit",219074,7305,2013-01-03 18:59:33,
SenWarren,Elizabeth Warren,970207298,Official twitter account of Senator Elizabeth Warren of Massachusetts.,3705589,259,2012-11-25 15:14:27,
SenatorHassan,Sen. Maggie Hassan,946549322,"New England sports fan, mom, crossword enthusiast, former governor, U.S. Senator for New Hampshire.",102848,528,2012-11-13 21:27:37,
SenatorTester,Senator Jon Tester,515822213,Third-generation Montana farmer. Proud grandfather. Former school teacher. Flattop icon. Trumpet player. Montana's senior Senator.,55708,921,2012-03-05 20:13:29,Montana
SenJackReed,Senator Jack Reed,486694111,Official Twitter feed of Rhode Island‚Äôs U.S. Senator Jack Reed.,58822,30,2012-02-08 15:24:01,"Providence, Rhode Island"
SenFeinstein,Sen Dianne Feinstein,476256944,United States Senator from California. On Facebook at: http://t.co/siExqwIu,646114,200,2012-01-27 23:06:59,California
HeidiHeitkamp,Heidi Heitkamp,460376288,"U.S. Senator fighting for all North Dakotans. Former ND Attorney General. Wife, mother & sister. Breast cancer survivor, redhead & Pilates enthusiast. #HH4ND",5135,176,2012-01-10 17:57:11,North Dakota
SenCoonsOffice,Office of Sen. Coons,435500714,"News releases, blog posts, new videos, transcripts and other resources from the office of U.S. Senator @ChrisCoons of Delaware.",6431,107,2011-12-13 04:02:30,Delaware & Washington
Menendez4NJ,Menendez for NJ,407039290,"Senator Bob Menendez is fighting for New Jersey's middle class. Tweets are from Team Menendez unless signed with ""-Bob""",13082,9486,2011-11-07 15:08:13,
TomCarperforDE,Tom Carper,381577682,"Senator for Delaware. Father, husband, proud veteran of the U.S. Navy. Detroit @tigers fan.",1523,390,2011-09-28 15:33:14,Delaware
DianneFeinstein,Dianne Feinstein,378631423,Moving America forward.,3553,316,2011-09-23 14:53:07,"California, USA"
elizabethforma,Elizabeth Warren,357606935,United States Senator from Massachusetts.,1863024,301,2011-08-18 16:43:48,Massachusetts
SenateApprops,Sen. Approps Dems,352534407,News and information from the U.S. Senate Committee on Appropriations on behalf of Ranking Member @SenatorLeahy.,9348,641,2011-08-10 19:15:35,"Washington, DC"
TomUdallPress,Tom Udall Press,325231436,"Press office for U.S. @SenatorTomUdall of New Mexico. Photo of Beclabito, N.M., on the #Navajo Nation by #ShowcaseNM contest finalist Vaughan G.",1266,145,2011-06-27 23:29:19,
DickDurbin,Dick Durbin,308794407,U.S. Senator for Illinois,9033,1156,2011-06-01 00:54:26,
PattyMurray,Senator Patty Murray,293131808,Official account of U.S. Senator Patty Murray (D-WA) | Tweets come from staff unless signed ‚Äú-PM‚Äù by Senator Murray | RT‚â†endorsement,341705,2164,2011-05-04 20:23:35,WA & DC
WydenPress,WydenPress,292495654,"Official account of U.S. Senator @RonWyden's (D-Ore.) press office. Tweets managed by staff, hence editorial flair.",13555,668,2011-05-03 18:58:04,"Washington, DC & Oregon"
SenBlumenthal,Richard Blumenthal,278124059,Connecticut‚Äôs U.S. Senator,298310,975,2011-04-06 17:13:53,"Connecticut, USA"
BenCardinforMD,Ben Cardin,278094476,Working hard for Marylanders. This is the official campaign website for U.S. Senator Ben Cardin.,3944,387,2011-04-06 16:02:24,Maryland
EnergyDems,SenateEnergyDems,277124730,@SenatorCantwell serves as the Ranking Member on the Senate Energy & Natural Resources Committee. Follow us for updates from Democratic staff.,14924,463,2011-04-04 19:03:30,"Washington, DC"
RonWyden,Ron Wyden,250188760,U.S. Senator from Oregon. @SenateFinance Ranking Member. Follow @WydenPress for updates from my staff. Instagram: https://t.co/a6CyBjcD79,283360,398,2011-02-10 16:08:15,Oregon
SenatorCarper,Senator Tom Carper,249787913,"Husband, father, proud @USNavy veteran and former governor. U.S. Senator for Delaware and ranking member @EPWDems",73257,1269,2011-02-09 19:46:42,Delaware
SenatorDurbin,Senator Dick Durbin,247334603,Serving the people of Illinois. Democratic Whip.,406887,2436,2011-02-04 15:50:42,
SenatorLeahy,Sen. Patrick Leahy,242836537,,144752,2261,2011-01-25 18:20:07,"Washington, DC"
SenWhitehouse,Sheldon Whitehouse,242555999,"U.S. Senator from Rhode Island, the Ocean State.",167959,1566,2011-01-25 01:52:03,Rhode Island
SenGaryPeters,Senator Gary Peters,236511574,U.S. Senator proudly representing the state of Michigan.,77141,1141,2011-01-10 19:17:36,
Sen_JoeManchin,Senator Joe Manchin,234374703,"I proudly serve the people of West Virginia. Please do not hesitate to contact me to share your commonsense ideas, concerns or if you need assistance.",116200,688,2011-01-05 14:13:33,
SenBennetCO,Michael F. Bennet,224285242,U.S. Senator for Colorado,134457,311,2010-12-08 16:29:29,Colorado
JeffMerkley,Jeff Merkley,223166587,Senator Jeff Merkley puts Oregon's priorities first. Official Campaign account for Jeff Merkley for Oregon. Tweets by Jeff are signed -JM.,28533,7156,2010-12-05 16:03:18,
SenDonnelly,Senator Joe Donnelly,216503958,U.S. Senator Joe Donnelly's communications staff,78817,216,2010-11-16 22:24:01,
timkaine,Tim Kaine,172858784,"Husband to Anne, father of 3. U.S. Senator from Virginia. In my free time, I‚Äôm either outdoors, reading, or jamming on the harmonica.",820829,756,2010-07-30 20:00:32,"Richmond, VA"
SenFranken,Sen. Al Franken,171968009,Official account of U.S. Senator Al Franken of Minnesota.,365057,1125,2010-07-28 16:11:35,
SenBobCasey,Senator Bob Casey,171598736,Official twitter profile for U.S. Senator Bob Casey.,322732,546,2010-07-27 18:38:20,"Scranton, PA"
MurrayCampaign,Senator Patty Murray,158470209,Senior U.S. Senator from the great state of Washington.,15468,401,2010-06-22 19:55:00,
ChrisMurphyCT,Chris Murphy,150078976,"U.S. Senator, Connecticut.",575800,178,2010-05-31 01:22:43,
Peters4Michigan,Gary Peters,145292853,"Proud husband and father of three, five generations in MI, 20+ years in business, 10+ years in the U.S. Navy Reserve, fighter for the middle class",8659,827,2010-05-18 16:10:02,"Oakland County, MI"
SenatorBarb,Barbara Mikulski,132278386,U.S. Senator for Maryland,59381,241,2010-04-12 20:06:38,"Baltimore, MD/Washington DC"
WydenForOregon,Wyden for Oregon,122124607,"The Twitter feed for Oregon's Senator Ron Wyden, managed by campaign staff. Tweets from Ron are signed #RonWyden",3386,2437,2010-03-11 17:33:48,Oregon
SenatorCantwell,Sen. Maria Cantwell,117501995,U.S. Senator from Washington State | Tweets from Maria are signed ‚ÄìMC | Facebook:https://t.co/qLmMk10nJI RT‚â†endorsement,189021,1512,2010-02-25 19:21:52,"Washington, DC"
JECDems,JEC Democrats,116505994,Joint Economic Committee Democrats working to build an economy that works for everyone. Ranking Member: Senator @MartinHeinrich,6082,1649,2010-02-22 18:11:02,"Washington, D.C."
JoeManchinWV,Joe Manchin,113355380,"Official Twitter of Manchin for WV.  Account is run by campaign staff, tweets from the Senator are signed - JM.",4120,32,2010-02-11 14:02:47,"West Virginia, USA"
SenatorShaheen,Sen. Jeanne Shaheen,109287731,Proud Granite Stater serving New Hampshire in the US Senate. Former Governor. Mother & Grandmother. Frequent Flyer. Pats & Red Sox Fan. Outdoor enthusiast.,79050,5523,2010-01-28 15:22:44,"Washington, DC"
SenatorCardin,Senator Ben Cardin,109071031,"U.S. Senator for Maryland. Ranking Member, Foreign Relations Committee. https://t.co/H6tSwFVj7t https://t.co/Rwn7M4xbXO",221559,2497,2010-01-27 22:03:53,MD/DC
Bob_Casey,Bob Casey Jr.,94154021,"Official campaign account, U.S. Senator Bob Casey",3462,32,2009-12-02 19:10:41,Pennsylvania
maziehirono,Senator Mazie Hirono,92186819,U.S. Senator Mazie K. Hirono - Proudly Serving the People of Hawaii,136124,1235,2009-11-24 03:10:37,Hawaii
tammybaldwin,Tammy Baldwin,87510313,Campaign account for Senator Tammy Baldwin. Tweets by staff. Tweets from Tammy signed ‚Äî TB.,37568,4728,2009-11-04 19:20:25,Wisconsin
SenStabenow,Sen. Debbie Stabenow,76456274,Representing the people from the Great State of Michigan in the United States Senate,76239,2177,2009-09-22 21:30:16,"Washington, DC"
SenateDems,Senate Democrats,73238146,News from leadership staff of Senate Democrats.,681717,2392,2009-09-10 22:26:03,"Washington, DC"
SenGillibrand,Kirsten Gillibrand,72198806,"Theo and Henry's mom, U.S. Senator from New York, author of NYT bestseller Off the Sidelines. Pitcher, but sometimes left fielder. Democrat.",820681,503,2009-09-07 03:53:24,New York
SenatorTomUdall,Tom Udall,60828944,United States Senator from New Mexico.,115556,340,2009-07-28 06:10:29,Santa Fe and Washington
McCaskillOffice,McCaskill Office,57065141,Office of U.S. Senator Claire McCaskill. Staff updates on Claire's work for Missouri.,14443,1550,2009-07-15 16:40:06,Missouri
brianschatz,Brian Schatz,47747074,United States Senator from Hawaii. Dad. Climate Hawk. Tech Advocate. Appropriator. Chief Deputy Whip.,75516,2002,2009-06-16 21:54:28,"√úT: 19.72105,-155.087417"
BennetForCO,Michael Bennet,45645232,"This is the official Twitter profile of Bennet for Colorado, Michael Bennet's U.S. Senate campaign. Tweets from Michael signed -MB",8335,1798,2009-06-08 19:21:51,Colorado
SenSherrodBrown,Sherrod Brown,43910797,Office of United States Senator Sherrod Brown. Proud to serve Ohio. Tweets from Sherrod signed -SB.,275745,202,2009-06-01 16:07:45,"Cleveland, OH"
amyklobuchar,Amy Klobuchar,33537967,"U.S. Senator from Minnesota. Follows, Retweets, Replies ‚â† endorsement",341068,108552,2009-04-20 14:59:36,
KamalaHarris,Kamala Harris,30354991,"Senator for California. Former CA Attorney General. Dedicated to fighting for justice & giving voice to the voiceless. Wife, s-mom, sister, aunt. Aspiring chef.",1091110,717,2009-04-11 00:42:07,California
SenSanders,Bernie Sanders,29442313,"Sen. Bernie Sanders is the longest serving independent in congressional history. Tweets ending in -B are from Bernie, and all others are from a staffer.",6933168,2043,2009-04-07 13:02:35,Vermont/DC
SenJeffMerkley,Senator Jeff Merkley,29201047,U.S. Senator from the State of Oregon. Instagram: https://t.co/pECsFBm1G1,272561,823,2009-04-06 13:38:39,Oregon
SherrodBrown,Sherrod Brown,24768753,Official account for Sherrod Brown's Senate campaign.   Tweets from Sherrod are signed -SB.,26637,5286,2009-03-16 21:01:17,Ohio
SenMarkey,Ed Markey,21406834,"Official account for Senator Edward J. Markey. National leader on energy, environment, climate, telecom. Voice for consumer protection. https://t.co/nfYWzVp6R8",85623,1351,2009-02-20 15:49:29,MA
SenBillNelson,Bill Nelson,20597460,U.S. Sen. Bill Nelson is the senior senator from the state of Florida.,198500,102,2009-02-11 15:44:25,"Florida/ Washington, D.C."
stabenow,Debbie Stabenow,20113797,Senator Stabenow proudly represents the great State of Michigan in the U.S. Senate.,36593,245,2009-02-05 01:56:00,
SenatorMenendez,Senator Bob Menendez,18695134,Proudly serving the State of New Jersey in the United States Senate.,136101,859,2009-01-06 21:01:12,
ChrisVanHollen,Chris Van Hollen,18137749,U.S. Senator for Maryland,95625,474,2008-12-15 15:00:29,"Maryland, USA"
SenSchumer,Chuck Schumer,17494010,Official account of Senator Chuck Schumer - New York‚Äôs Senator RT‚â†endorsement,1175018,26386,2008-11-19 20:10:20,"New York, NY"
SenatorReid,Senator Harry Reid,16789970,Former Senator from the great state of Nevada.,455354,161,2008-10-15 19:42:08,"Searchlight, NV"
jontester,Jon Tester,16473577,"Senate campaign of Jon Tester - dirt farmer & Montana Senator from Big Sandy - RTs, Replies & Follows ‚â† Endorsement",21199,3273,2008-09-26 19:59:20,"Big Sandy, Montana"
clairecmc,Claire McCaskill,16160352,,351420,23,2008-09-06 20:20:45,Missouri/ Washington DC
BarbaraBoxer,Barbara Boxer,15939889,Former Democratic U.S. Senator from California,112670,476,2008-08-22 01:39:19,"California & Washington, DC"
CoryBooker,Cory Booker,15808765,U.S. Senator from New Jersey,3561873,93467,2008-08-11 14:41:16,"Newark, NJ"
SenatorBoxer,Sen. Barbara Boxer,15442036,U.S. Senator Barbara Boxer of California.,131801,155,2008-07-15 16:02:13,"Washington, D.C."
ChrisCoons,Senator Chris Coons,15324851,"Father, husband, U.S. Senator from Delaware",77719,2241,2008-07-05 11:17:54,"Wilmington, DE"
dscc,Senate Democrats,14466538,"Democratic Senatorial Campaign Committee. Work to elect Senate Dems for a fair economy, safe country & opportunity for all. Last line of defense against Trump.",95653,16346,2008-04-21 20:28:18,
JeanneShaheen,Jeanne Shaheen,14125897,U.S. Senator from New Hampshire. This is the Twitter account of Shaheen for Senate.,13742,3279,2008-03-11 17:48:18,New Hampshire
MarkWarner,Mark Warner,7429102,"Serving Virginia in the US Senate. Vice Chairman, Intel Committee. Dad, Husband, Budget Wonk. Previous: Serial entrepreneur, business guy, 69th Governor of Va",301165,15645,2007-07-12 14:03:33,Virginia
alfranken,Al Franken,7334402,"Al Franken, United States Senator from Minnesota",560938,45788,2007-07-08 21:48:38,Minnesota
RepDarrenSoto,US Rep. Darren Soto,818713465653051392,Proudly representing Central Florida's 9th District: Osceola County and parts of Orange and Polk counties. Official Account,4044,2351,2017-01-10 06:57:55,"Kissimmee, Florida"
RepJackyRosen,Rep. Jacky Rosen,818554054309715969,Congresswoman representing Nevada's 3rd District. #ProblemSolver. Computer programmer. Former synagogue president. #NV03,4989,181,2017-01-09 20:24:29,"Las Vegas, NV"
RepGonzalez,Rep.Vicente Gonzalez,818536152588238849,Proudly representing the 15th District of Texas in U.S. Congress   #TX15GettingItRight,1279,175,2017-01-09 19:13:21,
RepAlLawsonJr,US Rep. Al Lawson Jr,818472418620608512,"This is the official twitter account for U.S. Rep. Al Lawson, Jr., FL-5",2014,721,2017-01-09 15:00:05,"Tallahassee, FL"
RepEspaillat,Adriano Espaillat,817076257770835968,U. S. Representative proudly serving New York‚Äôs 13th Congressional District. Follow my work in Washington and #NY13,7064,1038,2017-01-05 18:32:15,https://www.facebook.com/Congr
RepBRochester,Rep. Blunt Rochester,817050219007328258,Official Twitter page for U.S. Representative Lisa Blunt Rochester (D-DE). Tweets from Rep. Blunt Rochester signed -LBR.,3223,290,2017-01-05 16:48:47,"Delaware, USA - Washington, DC"
RepBarragan,Nanette D. Barrag√°n,816833925456789505,Official account. Honored to represent California's 44th Congressional District #CA44. Member of the @HispanicCaucus @USProgressives @Dodgers fan.,5619,493,2017-01-05 02:29:18,"San Pedro, CA"
RepTomSuozzi,Tom Suozzi,816705409486618624,"Representing New York's 3rd Congressional District including parts of Queens, Nassau and Suffolk counties. https://t.co/aWr41ZGlpq",3247,89,2017-01-04 17:58:38,"Glen Cove, NY"
RepRoKhanna,Rep. Ro Khanna,816298918468259841,"Representing #CA17 in Silicon Valley. Working to create tech & manufacturing jobs locally & across America. No contributions from PACs, lobbyists. Obama alum.",9614,357,2017-01-03 15:03:23,"Silicon Valley, CA"
RepKihuen,Rep. Ruben J. Kihuen,816282029276938240,"Serving the 4th Congressional District of Nevada. Member of @FSCDems, @HispanicCaucus, & @HouseNewDems. First DREAMer to serve in Congress. #NV04 #VegasStrong",10133,152,2017-01-03 13:56:16,"Las Vegas, NV"
RepMcEachin,Rep. Donald McEachin,816181091673448448,"Father, husband & Progressive Democrat in Congress. Proudly representing VA‚Äôs Fighting 4th Congressional District. Member of @HASCDemocrats & @NRDems.",4030,1123,2017-01-03 07:15:10,
RepCarbajal,Rep. Salud Carbajal,816157667882373120,"Father, husband, & veteran proudly representing California‚Äôs 24th District. Working to protect the environment, improve our economy, and support our veterans.",4489,599,2017-01-03 05:42:06,
RepCharlieCrist,Rep. Charlie Crist,816030424778543104,Representing Florida's 13th Congressional District in the U.S. House of Representatives.,4252,208,2017-01-02 21:16:29,"St Petersburg, FL"
RepLouCorrea,Rep. Lou Correa,815985039485837312,Father of 5. Public servant. Member of Congress. @VetAffairsDems @HomelandDemsHouse,2154,3,2017-01-02 18:16:08,"Santa Ana, CA"
RepJayapal,Rep. Pramila Jayapal,815733290955112448,"Proudly serving WA's 7th District. First Vice Chair @USProgressives, Senior Whip, Budget Vice Ranking. https://t.co/d22w0B7Khj",35340,2067,2017-01-02 01:35:46,"Seattle, WA"
RepJoshG,Rep Josh Gottheimer,815310506596691968,"Honored to serve the people of New Jersey's 5th District. Working across the aisle to solve problems, lower taxes, and fight for Jersey values.",3363,50,2016-12-31 21:35:47,
CongressmanRaja,Raja Krishnamoorthi,814179031956488192,"Official Twitter account of Congressman   Raja Krishnamoorthi, representing Illinois' 8th Congressional District.",8141,1314,2016-12-28 18:39:42,"Schaumburg, IL"
RepOHalleran,Rep. Tom O'Halleran,808416682972770304,"Husband, father, and grandfather. Proud to represent Arizona's First Congressional District. Member of Agriculture and Armed Services Committees. #AZ01",6432,70,2016-12-12 21:02:11,Arizona
RepRaskin,Rep. Jamie Raskin,806906355214852096,"Proudly serving MD's 8th District. Senior Whip, Judiciary Vice Ranking Member. https://t.co/EkyEyszJWc",22316,4384,2016-12-08 17:00:41,Maryland's 8th District
RepValDemings,Rep. Val Demings,798973032362606600,U.S. Representative Florida's 10th Congressional District. Public Servant. Former Orlando Police Chief. Christian. Wife. Mother. Grandmother. Harley Enthusiast.,5718,283,2016-11-16 19:36:29,"Washington, DC I Orlando, FL"
RepJimmyPanetta,Rep. Jimmy Panetta,796736612554117120,I'm honored to serve as the Congressman for California's Central Coast (CA-20) in the U.S. House of Representatives.,4630,373,2016-11-10 15:29:45,
RepStephMurphy,Rep Stephanie Murphy,796183515998068736,U.S. Congresswoman Stephanie Murphy - fighting for progress and proudly representing Seminole & Orange Counties in the U.S. House of Representatives. #FL07,11321,461,2016-11-09 02:51:57,"Winter Park, FL"
RepMikeCapuano,Rep. Michael Capuano,747806211983179776,Representing MA's 7th District in the U.S. House of Representatives; former Mayor of Somerville. https://t.co/W9wgyLij84,7669,132,2016-06-28 14:57:49,"Somerville, MA"
DonaldNorcross,Donald Norcross,3122099613,Representing New Jersey's 1st Congressional District in the United States House of Representatives,7644,1120,2015-03-27 20:08:34,
RepTedLieu,Rep. Ted Lieu,3044993235,"Official Twitter account for the Office of Rep. @TedLieu, serving #CA33 in the U.S. House of Representatives ‚Ä¢ https://t.co/cSZYg2t9ap ‚Ä¢ https://t.co/oA7bA0mWrM",88070,5241,2015-02-19 20:08:54,"Los Angeles, CA & Washington, DC"
RepPeteAguilar,Rep. Pete Aguilar,3018670151,"Pete Aguilar represents CA‚Äôs 31st Congressional District. A former mayor, Rep. Aguilar is committed to strengthening the Inland Empire‚Äôs middle class.",6809,203,2015-02-04 21:01:23,"San Bernardino, CA"
RepKathleenRice,Kathleen Rice,2970462034,U.S. Representative for #NY04 (Long Island). Former Nassau County DA. Tweets from Kathleen are signed -kr,23526,1049,2015-01-09 21:18:27,"Long Island, NY"
RepDebDingell,Rep. Debbie Dingell,2970279814,Proudly serving the people of Michigan's 12th Congressional District. http://t.co/e7qwdRk0zg http://t.co/q9q7Jj0s26,31005,2747,2015-01-09 19:15:50,"Washington, DC"
RepBonnie,Bonnie WatsonColeman,2968451607,"Honored to serve the people of New Jersey's 12th CD. Wife, Mother, Grandmother. #NJ12. Co-Chair of @CBWGCaucus. Tweets from Bonnie signed -BWC.",9850,497,2015-01-08 20:18:16,New Jersey 
RepDeSaulnier,Mark DeSaulnier,2968007206,Honored to represent California's 11th Congressional District. Member of: @transportdems @edworkforcedems @oversightdems,11394,559,2015-01-08 15:32:13,"Concord, CA"
RepRubenGallego,Ruben Gallego,2966570782,Proud representative of Arizona's 7th Congressional District,72790,2638,2015-01-07 19:31:08,"Phoenix, AZ"
RepDonBeyer,Rep. Don Beyer,2962868158,"Representing Virginia's 8th District in Congress: Arlington, Alexandria, Falls Church, Fairfax. Vice-Ranking @SciCmteDems. Co-Chair @CaucusOnClimate. #EqualPay",49427,2935,2015-01-05 22:09:04,Northern Virginia & DC
RepAdams,Alma S. Adams,2916086925,Congresswoman. Educator. Artist.,8837,1100,2014-12-11 19:54:07,
RepLawrence,Brenda Lawrence,2863006655,"Congresswoman for Michigan's 14th District: Detroit, Southfield, Oakland and Wayne Counties. Instagram: Repbrendalawrence, Facebook: Rep.BLawrence",9543,1114,2014-11-05 18:46:39,"Washington, DC"
RepHastingsFL,Alcee L. Hastings,2433737761,Congressman Alcee L. Hastings represents parts of Broward and Palm Beach counties in the U.S. House of Representatives.,14847,244,2014-04-08 14:53:21,Florida 20th
RepJimmyGomez,Rep. Jimmy Gomez,2371339658,Official Account for Office of Rep. Jimmy Gomez (CA34-Los Angeles). Tweets from Jimmy signed -JG. Find us on FB: https://t.co/1pRH7kHn00,2817,1710,2014-03-04 03:56:14,"Los Angeles, CA"
RepKClark,Katherine Clark,2293131060,Proudly representing the people of the 5th District of Massachusetts.,53788,1009,2014-01-15 18:53:47,
USRepKCastor,US Rep Kathy Castor,1880674038,Tampa Bay's Congresswoman üá∫üá∏,11408,3024,2013-09-18 20:03:57,
RepBeatty,Joyce Beatty,1531521632,"Official Twitter account for Congresswoman Joyce Beatty, representing Ohio's Third Congressional District in the U.S. House of Representatives.",22665,1653,2013-06-19 17:47:09,Ohio's Third District
PeterWelch,Rep. Peter Welch,1410590874,"Official Twitter Account for Congressman Peter Welch, proudly representing the great state of Vermont in the U.S. House of Representatives.",9941,1832,2013-05-07 16:10:47,"Vermont and Washington, DC"
AnthonyBrownMD4,Anthony G. Brown,1378000346,"Congressman for Maryland's 4th Congressional District, former Army Aviator, father and husband",6363,370,2013-04-24 21:06:33,"Mitchellville, MD"
RepRobinKelly,Robin Kelly,1339931490,"Official Twitter account for Robin Kelly, U.S. Representative #IL02.",19953,7335,2013-04-09 19:02:01,
RepTimWalz,Rep. Tim Walz,1262814457,"Teacher, Football Coach, Command Sgt. Major Proudly Representing Minnesota's 1st Congressional District; Ranking Member of House @VetAffairsDems",11103,2738,2013-03-12 20:27:45,
RepJuanVargas,Rep. Juan Vargas,1260172386,"Official Twitter account of Rep. Vargas, representing southern San Diego County, all of Imperial County and California's entire U.S.-Mexico border. #CA51",15801,173,2013-03-11 19:04:01,"SD/Imperial Counties, CA"
JuliaBrownley26,Julia Brownley,1243902714,U.S. Representative from California's 26th District.,15519,599,2013-03-05 14:51:28,
RepCardenas,Rep. Tony C√°rdenas,1222257180,Proud to represent California's 29th District - the San Fernando Valley - in U.S. Congress. Member of @HouseCommerce; Democratic Assistant Whip.,16610,1394,2013-02-26 16:12:35,"San Fernando Valley, CA"
repmarkpocan,Rep. Mark Pocan,1206227149,"Honored to serve the people of Wisconsin's Second District. Co-Chair, @USProgressives and @LGBTEqCaucus. Member of @AppropsDems",56224,5193,2013-02-21 22:59:04,"Madison, WI"
RepDonaldPayne,Rep. Donald Payne Jr,1155335864,Proudly serving New Jersey's 10th Congressional District,10035,1083,2013-02-06 22:52:35,www.facebook.com/DonaldPayneJr
RepDWStweets,D. Wasserman Schultz,1140648348,U.S. Congresswoman proudly representing the people of Florida's 23rd District in our nation's capital.,12343,2334,2013-02-01 20:31:25,Weston & Washington
RepScottPeters,Rep. Scott Peters,1135486501,"Serving #CA52. @EnergyCommerce, @VetAffairsDems, & @HouseNewDems. Loyalty to Country / Truth & Rule of Law / Opportunity / Strength Abroad / Respect & Kindness",20625,910,2013-01-30 23:28:14,"San Diego, Poway, Coronado"
RepBetoORourke,Rep. Beto O'Rourke,1134292500,US Congress - El Paso,67535,280,2013-01-30 14:52:51,"El Paso, TX"
RepCheri,Rep. Cheri Bustos,1092979962,Serving Illinois' 17th District. Wife & mother of 3 sons. Athlete. Former reporter. Fighting for #ABetterDeal. Co-Chair of DPCC. Facebook & Snapchat: RepCheri.,26500,3903,2013-01-15 19:15:03,"Illinois & Washington, D.C."
CongressmanRuiz,Raul Ruiz,1089859058,Emergency room doctor and public servant. Proudly serving California's 36th Congressional District.,20444,3,2013-01-14 18:58:43,
RepFilemonVela,US Rep. Filemon Vela,1083448909,U.S. Congressman for the 34th District of Texas - Privileged to represent South Texans.,10534,345,2013-01-12 16:24:06,"District 34, Texas"
RepSinema,Kyrsten Sinema,1080844782,"Official twitter feed of U.S. Congresswoman Kyrsten Sinema, serving Arizona's 9th District.",25016,760,2013-01-11 20:31:03,
RepBillFoster,Bill Foster,1080509366,Congressman Bill Foster is a scientist and businessman representing the 11th Congressional District of Illinois,44103,1971,2013-01-11 18:17:11,"Naperville, IL "
RepLoisFrankel,Rep. Lois Frankel,1077121945,Representative from Florida's 21st Congressional District. Chair of @HouseDemWomen.,16687,1487,2013-01-10 16:58:38,
RepVeasey,Rep. Marc Veasey,1074129612,"Proudly representing Fort Worth-Dallas. Born and reared in the Metroplex. Husband, father and Dallas Cowboys fan. #TX33, #DFW",14444,2861,2013-01-09 15:49:27,"Dallas-Fort Worth, Texas"
RepSeanMaloney,Sean Patrick Maloney,1072467470,Proud to represent New York's 18th Congressional District,23089,919,2013-01-09 01:00:33,"Cold Spring, NY"
RepSchneider,Rep. Brad Schneider,1071840474,Proud to represent the people of Illinois's 10th Congressional District,6418,1056,2013-01-08 19:59:14,Illinois
RepHuffman,Rep. Jared Huffman,1071102246,Congressman for California's North Coast. On Facebook at https://t.co/a4QfL2Jw5p.   Listen to my brand new podcast at https://t.co/XDE8MuHKxF,21685,813,2013-01-08 14:52:00,California's North Coast
RepDennyHeck,Denny Heck,1068499286,"Proudly representing #WA10 in U.S. Congress. Husband, (gran)dad, @GonzagaBulldogs fan & #12thMan. Care about veterans, family-wage jobs & economic growth.",18639,1687,2013-01-07 14:55:36,"South Puget Sound, WA"
TulsiPress,Rep. Tulsi Gabbard,1064206014,"Aloha - Official account of Rep Tulsi Gabbard (HI-02), managed by staff. (Use of TG's military rank, title, or photo do not imply Army or DoD endorsement.)",88804,1132,2013-01-05 22:57:50,
RepLujanGrisham,MichelleLujanGrisham,1061385474,"Proudly serving New Mexico's 1st Congressional District. Serving on House Agriculture, Budget and Oversight & Government Reform Committees.",23303,527,2013-01-04 20:46:03,"Albuquerque, NM"
RepEsty,Elizabeth Esty,1060984272,"Mom, community advocate, and U.S. Representative for Connecticut's 5th Congressional District. This is the official account for my Congressional office.",20594,1391,2013-01-04 17:36:04,"Cheshire, CT"
RepDerekKilmer,Rep. Derek Kilmer,1058917562,Representing Washington's 6th District in the House of Representatives           FB: https://t.co/byKNKNH1UP,20676,128,2013-01-03 22:15:02,
RepAnnieKuster,Ann McLane Kuster,1058717720,Honored to serve the people of New Hampshire‚Äôs Second District in Congress.,17333,2514,2013-01-03 20:29:22,NH's 2nd District
RepJoeKennedy,Rep. Joe Kennedy III,1055907624,"Official Twitter account of Congressman Joe Kennedy III, representing Massachusetts' 4th Congressional District.",329169,669,2013-01-02 19:33:36,
RepLowenthal,Rep. Alan Lowenthal,1055730738,Proudly serving California's 47th Congressional District. http://t.co/pHmhAyCM6J,22265,3284,2013-01-02 18:11:33,"Long Beach, CA"
USRepRickNolan,US Rep. Rick Nolan,1055685948,"This is the official Twitter account for U.S Congressman Rick Nolan, proudly serving the people of Minnesota's 8th Congressional District.",10593,1062,2013-01-02 17:51:28,
RepGraceMeng,Grace Meng,1051127714,"Representing NY's 6th Congressional District - Parts of West, Central and Northeast Queens.  For specific questions or concerns, please contact my office.",20853,689,2012-12-31 20:28:41,
RepDanKildee,Rep. Dan Kildee,1045110018,"Honored to represent Michigan's Fifth Congressional District. Born & raised in Flint. Vice Ranking Member, @FSCDems. Proud husband, father & grandfather.",31362,6323,2012-12-29 15:05:47,Michigan
RepMarkTakano,Mark Takano,1037321378,"Proudly Representing California's 41st District. Member: @VetAffairsDems, @edworkforcedems, @SciCmteDems.",42649,8,2012-12-26 14:58:17,"Riverside, CA"
RepLipinski,Rep. Daniel Lipinski,1009269193,Proudly representing the people of Illinois' 3rd Congressional District. Follow me on Facebook at http://t.co/The2w76j,10378,891,2012-12-13 17:03:06,
RepDelBene,Rep. Suzan DelBene,995193054,U.S. Congresswoman representing Washington's 1st Congressional District (#WA01),21753,1810,2012-12-07 14:40:48,
RepBera,"Ami Bera, M.D.",950783972,"Proudly representing Sacramento County, California in the U.S. House of Representatives",25859,185,2012-11-16 01:39:54,"Elk Grove, California"
RepSwalwell,Rep. Eric Swalwell,942156122,"Nelson's Dad. Husband. Rep SF Bay in Congress. Sr. Dem for @cia on Intel Cmte. Fighting for all to be more, make more & dream more. #FreedomToDream",155488,7255,2012-11-11 20:26:01,"East Bay, CA & DC (CA-15)"
RepJohnDelaney,Rep. John Delaney,937723303,"Official Twitter page for Congressman John K. Delaney, representing Maryland‚Äôs Sixth Congressional District in the U.S. House of Representatives.",17421,1471,2012-11-09 20:40:22,Maryland's Sixth District
RepDannyDavis,Rep. Danny K. Davis,789244177,US House Representative for Illinois' 7th Congressional District. Serving on the Committee on Ways and Means. Following/retweeting does not equal endorsement.,8367,348,2012-08-29 12:31:09,"Chicago, IL"
RepCummings,Elijah E. Cummings,787373558,"U.S. Representative from Maryland's 7th District, dedicated to serving and empowering the people I‚Äôm sworn to represent. RT's and Follows are not endorsements.",159323,1607,2012-08-28 16:37:01,"Baltimore, MD"
RepCartwright,Matt Cartwright,776664410,Proudly representing Pennsylvania's 17th Congressional District.,9126,1915,2012-08-23 20:05:56,"Moosic, PA"
RepMarcyKaptur,Marcy Kaptur,581141508,Office of Congresswoman Marcy Kaptur. Longest serving woman in Congress and proudly representing Ohio's 9th District.,15105,574,2012-05-15 16:57:51,DC/Toledo/Northern Ohio
RepBonamici,Suzanne Bonamici,558769636,"Representing Oregon's 1st District. Working to strengthen #PublicEducation, support #WorkingFamilies, & #DefendScience. Proud mom of two grown kids.",21072,1191,2012-04-20 16:30:32,
BettyMcCollum04,Rep. Betty McCollum,516880804,Proudly representing Minnesota's Fourth District in the United States House of Representatives.,21229,1011,2012-03-06 20:52:11,Minnesota
daveloebsack,Dave Loebsack,510516465,Fighting for the hardworking people of Iowa,6669,579,2012-03-01 16:52:06,Iowa's 2nd District
RepRoybalAllard,Rep. Lucille Roybal-Allard,479872233,Proudly representing California‚Äôs 40th Congressional District. Follow me at https://t.co/KjVfmF9CaM & https://t.co/Urj0zPAr8d.,19418,2184,2012-01-31 21:30:43,
RepJeffries,Hakeem Jeffries,467823431,"Member of Congress, House Democratic Leadership, Judiciary and Budget Committee. Proudly Represent Brooklyn & Queens in the 8th Congressional District.",40244,1076,2012-01-18 21:54:44,
RepCicilline,Cicilline Office,462143773,Tweets from the press office of Congressman David N. Cicilline (D-RI).,13294,11603,2012-01-12 16:26:40,Pawtucket/Washington
RepRichardNeal,Rep. Richard Neal,442824717,"Serving the First Congressional District of Massachusetts in the United States House of Representatives, with 87 cities and towns in western & central MA",13287,29,2011-12-21 14:18:30,
RepSusanDavis,Rep. Susan Davis,432771620,Proudly representing the 53rd Congressional District of California. Serves on Armed Services and Ed & Workforce Committees,15831,153,2011-12-09 19:22:25,
GKButterfield,G. K. Butterfield,432676344,"U. S. Representative, proudly serving North Carolina's 1st Congressional District. Follow my work in Washington and #NC01.",14426,624,2011-12-09 17:17:22,
RepRickLarsen,Rep. Rick Larsen,404132211,"Born and raised in Arlington, Wash. Ranking Member, Aviation Subcommittee",15947,5159,2011-11-03 13:59:42,Washington's 2nd District
RepMcNerney,Jerry McNerney,385429543,Proudly representing California's 9th Congressional District. Learn more about my work in Congress at http://t.co/MbFWXH7J,18407,562,2011-10-05 13:52:58,"Stockton, CA"
RepJohnYarmuth,Rep. John Yarmuth,384913290,"Official Twitter Account for Congressman John Yarmuth, representing the 3rd Congressional District of Kentucky.",25593,379,2011-10-04 15:07:38,"Louisville, KY"
RepTerriSewell,Rep. Terri A. Sewell,381152398,Proud to represent the 7th Congressional District of Alabama https://t.co/xfWvIZSjrk,25570,3451,2011-09-27 20:47:50,"Washington, DC"
RepSarbanes,Rep. John Sarbanes,364415553,Representing Maryland‚Äôs 3rd District. Chair of the Democracy Reform Task Force. Fighting to put people's interests ahead of special interests.,16058,494,2011-08-29 18:44:47,Maryland
RepLindaSanchez,Linda T. S√°nchez,312134473,I work for CA-38. Vice Chair @HouseDemocrats. Fmr. @HispanicCaucus Chair. Serve on the @WaysMeansCmte. Die-hard @Dodgers Fan.,26941,1822,2011-06-06 16:50:45,"Norwalk, CA & Washington, D.C."
RepStephenLynch,Rep. Stephen Lynch,310310133,The official Twitter account of Congressman Stephen F. Lynch. Proudly serving the 8th Congressional District of Massachusetts.,15529,384,2011-06-03 14:48:36,"Washington, D.C. / Boston, MA"
Call_Me_Dutch,Dutch Ruppersberger,305620929,"U.S. Congressman serving Maryland's 2nd District. Member of House Appropriations Committee. Loves all things Baltimore esp. the Ravens, Orioles and crabs.",12877,1842,2011-05-26 14:39:08,"Washington, DC"
RepBobbyRush,Bobby L. Rush,305216911,The official twitter account of Rep. Bobby L. Rush.  For official policy please see http://t.co/biKpeeMhCz.  RT does NOT constitute an endorsement.,13431,206,2011-05-25 20:59:25,D.C./Chicago & SW Suburbs
RepThompson,Mike Thompson,303861808,Rep. Mike Thompson represents California's 5th Congressional District and chairs the House Gun Violence Prevention Task Force.,20063,190,2011-05-23 14:58:06,"St. Helena, CA"
RepZoeLofgren,Rep. Zoe Lofgren,267938462,"Member of Congress Proudly Representing CA's 19th Congressional District in Silicon Valley's cities of San Jose, Morgan Hill & Gilroy",29024,106,2011-03-17 21:06:21,
RepRichmond,Rep Cedric Richmond,267854863,Representing the 2nd Congressional District of Louisiana and the Who Dat Nation.  @OfficialCBC Chairman,22762,866,2011-03-17 17:30:45,
RepMaloney,Carolyn  B. Maloney,258900199,"New York's 12th Congressional District - Manhattan, Brooklyn & Queens",24054,3327,2011-02-28 19:06:50,New York City
RepPeterDeFazio,Rep Peter DeFazio,252249233,Representing the 4th Congressional District in Oregon,22673,741,2011-02-14 20:20:20,
SanfordBishop,"Sanford Bishop, Jr.",249410485,Proudly representing Georgia's 2nd Congressional District. Ranking Member of House Appropriations Subcommittee on Agriculture  https://t.co/gQh6pvYihy,15097,784,2011-02-09 00:23:10,Georgia 2nd CD & Washington DC
RepAnnaEshoo,Rep. Anna G. Eshoo,249348006,Representing California's 18th Congressional District--the heart of Silicon Valley.,31567,878,2011-02-08 21:36:03,"Palo Alto, CA"
RepBarbaraLee,Rep. Barbara Lee,248735463,"Progressive Democrat proudly representing the #EastBay CA-13 in Congress. Working to promote economic & racial justice, peace & human rights in the US & abroad.",163264,16418,2011-02-07 16:28:28,"Washington, DC and Oakland, CA"
sethmoulton,Seth Moulton,248495200,Congressman for #MA6. Let's bring a new generation of leadership to Washington.  All Tweets are my own.,115136,2087,2011-02-07 03:35:59,"Salem, MA"
RepJimCosta,Rep. Jim Costa,245451804,Costa represents California's 16th District. He serves on the Agriculture & Natural Resources Committees. This account is for official use only.,14237,517,2011-01-31 18:42:23,
nikiinthehouse,Niki Tsongas,242892689,Proudly representing the families of the Massachusetts 3rd District.  More info at: http://t.co/mp6QlRchln,20138,1869,2011-01-25 20:57:25,
RepMcGovern,Jim McGovern,242426145,Proudly representing the people of the 2nd District of Massachusetts.,34788,498,2011-01-24 19:18:36,Massachusetts
RepYvetteClarke,Yvette D. Clarke,240812994,"Serving NY's 9th District. Chair, Multicultural Media Caucus; Co-Chair, Black Women & Girls Caucus; Co-Chair, Caribbean Caucus, At-Large Member @OfficialCBC.",37522,3825,2011-01-20 20:14:21,"Brooklyn, NY"
RepKarenBass,Congressmember Bass,239949176,"Representing California's 37th District, which includes Los Angeles, South LA, and Culver City. https://t.co/XHzgMSAQAc",60940,14425,2011-01-18 20:25:36,Los Angeles & Washington
NormaJTorres,Rep. Norma Torres,236279233,U.S. Representative for California's 35th District,10516,732,2011-01-10 06:30:14,
RepHanabusa,Colleen Hanabusa,235373000,Proudly Representing Hawaii's First Congressional District,9866,840,2011-01-08 01:13:45,"Washington, D.C."
RepWilson,Rep Frederica Wilson,234014087,Former educator & state legislator; founder & chair of FL Ports Caucus; founder of 5000 Role Models Project; #IStandWithFrederica,60853,3152,2011-01-04 17:08:09,Washington DC
USRepKeating,Bill Keating,232992031,Welcome to the official Twitter page of Congressman Bill Keating!,12399,607,2011-01-01 23:58:47,"Bourne, Ma"
JoaquinCastrotx,Joaquin Castro,231510077,"Texas Congressman, Member of the House Foreign Affairs and House Intelligence Committees",91303,1114,2010-12-28 18:41:02,"San Antonio, Texas"
RepBrendanBoyle,US Rep Brendan Boyle,231108733,"Congressman from Pennsylvania. Proudly representing Philadelphia and Montco. Notre Dame & Harvard alum. Husband, dad and eternally hopeful Philly sports fan.",12034,1164,2010-12-27 16:31:09,Philadelphia and Washington
NitaLowey,Nita Lowey,221792092,Proudly representing NY's 17th District. RM on House Approps Committee (@AppropsDems). RTs/follows ‚â† endorsements. Newsletter sign-up: https://t.co/JSmr63CIAQ,23908,1034,2010-12-01 16:36:35,"New York and Washington, D.C."
RepCuellar,Rep. Henry Cuellar,210926192,Serving the 28th District of Texas in U.S. House of Representatives,19956,2087,2010-11-01 20:20:17,"Laredo, Texas / Washington DC"
RepAndreCarson,Andr√© Carson,199325935,The official Twitter account for Congressman Andr√© Carson of Indiana's 7th District. #Indianapolis #Indy,29692,991,2010-10-06 15:47:50,Indianapolis
RepVisclosky,Rep. Pete Visclosky,193872188,"Tweets from the Office of Congressman Pete Visclosky, proudly representing the people of Indiana's First Congressional District. Policy: http://t.co/Wi81U7L5zE",11235,1073,2010-09-22 21:24:46,"Northwest, IN - Washington, DC"
RepJudyChu,Judy Chu,193732179,Proudly representing California's 27th District in the U.S. House of Representatives. Ways and Means. Small Business. Chair of @CAPAC.,44552,21801,2010-09-22 15:18:17,"Pasadena, CA"
Clyburn,James E. Clyburn,188019606,"Rep. Clyburn is the Assistant Democratic Leader, the number three Democrat in the House of Representatives. He represents South Carolina's 6th District.",54120,1294,2010-09-07 18:50:22,"Washington, DC"
repdavidscott,David Scott,168673083,"Representing Georgia's 13th Congressional District including Cobb, Douglas, Fayette, Fulton, Clayton, and Henry Counties.",15900,1763,2010-07-20 14:10:32,Georgia
RepEBJ,US Rep E.B.Johnson,168502762,"Rep. Eddie Bernice Johnson representing TX-30; Ranking Member of the House Committee on Science, Space and Technology; 1st Registered Nurse in Congress",30007,2132,2010-07-19 14:25:48,"Dallas, Texas"
NydiaVelazquez,Rep. Nydia Velazquez,164369297,Represents New York's 7th Congressional District in the U.S. House of Representatives.  Top Democrat on House Small Business Committee. Follow us  @HouseSBCDems,36174,3723,2010-07-08 18:18:20,NYC and DC
RepEliotEngel,Eliot Engel,164007407,Congressman representing parts of the Bronx and Westchester Counties in New York #NY16,21228,789,2010-07-07 20:34:17,
repcleaver,Rep. Emanuel Cleaver,163570705,"This is the official Twitter page of Congressman Emanuel Cleaver, II, representing Missouri's Fifth District.",30215,840,2010-07-06 19:14:47,
RepCohen,Steve Cohen,162069635,"Congress TN9.Memphis.Judiciary&Transportation;civil rights/liberties/cr.jstc reform,women&minority issues/animal welfare/med research;Father,TN Educ Lottery.Dem",38967,550,2010-07-02 15:10:21,"Memphis, TN and Washington, DC"
BobbyScott,Rep. Bobby Scott,161791703,"Proudly representing Virginia's 3rd Congressional District. Ranking Member, Committee on Education and the Workforce @edworkforcedems.",24260,2778,2010-07-01 19:57:00,"Newport News, VA"
gracenapolitano,Rep.Grace Napolitano,161411080,Congresswoman from California's 32nd Congressional District in the US House of Representatives,27062,498,2010-06-30 19:48:06,"El Monte, CA"
RepAlGreen,Congressman Al Green,156333623,Proud to represent the 9th Congressional District of Texas in the United States House of Representatives ‚Ä¢ https://t.co/Lcfa10jIfH ‚Ä¢ https://t.co/75ezhacO5F,44918,621,2010-06-16 17:20:23,"Houston, TX & Washington, DC"
RepDavidEPrice,David E. Price,155669457,"I am proud to represent NC's 4th Congressional District, which includes Orange and parts of Wake and Durham Counties.",19722,2421,2010-06-14 19:44:06,
RepLloydDoggett,Lloyd Doggett,153944899,Representing communities from San Antonio to Austin.,27612,375,2010-06-09 23:53:50,Texas
RepMarciaFudge,Rep. Marcia L. Fudge,153486399,"I work on behalf of the people of the 11th District to create jobs, promote quality education, improve access to health care and protect civil rights for all.",29569,6337,2010-06-08 17:54:06,"Cleveland / Akron, OH"
rosadelauro,Rosa DeLauro,140519774,"Proud to represent CT's 3rd CD. Italian-American, New Haven native, fierce advocate for a strong middle class & those in need. Tweets from Rosa are signed -Rosa",32440,2604,2010-05-05 18:11:32,"New Haven, CT"
RepJohnConyers,"John Conyers, Jr.",138770045,Representing Michigan's 13th Congressional District. | Korean War Vet | I stand for #JobsJusticePeace ‚úåüèΩ. | RM of @HouseJudDems | RTs ‚â† Endorsements | #MI13,43582,844,2010-04-30 14:49:06,Detroit/Washington D.C.
RepTedDeutch,Rep. Ted Deutch,137794015,Ranking Member of Ethics Committee. Member of Foreign Affairs & Judiciary. Proudly serving Broward & Palm Beach Counties. Vegan.,24918,1784,2010-04-27 19:51:54,"Florida, USA"
RepJimMcDermott,Jim McDermott,132201224,Proudly serving Washington State's 7th Congressional District,15801,1291,2010-04-12 15:27:16,
RepSheaPorter,Rep. Shea-Porter,126171100,Proudly serving New Hampshire's First District in the U.S. House of Representatives. https://t.co/fHOFp4xW,5923,460,2010-03-25 01:42:47,
repdinatitus,Dina Titus,122174004,Congresswoman proudly representing the First District of Nevada in the U.S. House of Representatives. https://t.co/g6tZzJD45q,27078,1820,2010-03-11 21:05:31,"Las Vegas, NV"
RepRonKind,Rep. Ron Kind,112740986,Member of the U.S. House of Representatives from Wisconsin's Third Congressional District.,11967,560,2010-02-09 15:14:02,"Washington, DC"
repjoecrowley,Rep. Joe Crowley,111635980,Proudly representing New York‚Äôs 14th Congressional District. Chairman of @HouseDemocrats. #Queens #Bronx https://t.co/y9inUilpX3,26569,1037,2010-02-05 16:39:11,
RepGeneGreen,Rep. Gene Green,111635527,Proudly serving the 29th Congressional District of Texas | Ranking Member of @EnergyCommerce Subcommittee on Health | Proud @UHouston Alum,17071,597,2010-02-05 16:37:13,"Houston, TX"
RepDwightEvans,Dwight Evans,90639372,Representing the 2nd Congressional District in PA. Making Ideas Matter since 1980.  Connect on Facebook: https://t.co/xMYIke63lr,9932,2274,2009-11-17 14:25:20,Phila and Montgomery County
RepGaramendi,John Garamendi,88806753,"Congressman for California's 3rd Congressional District, former Lieutenant Governor, Insurance Commissioner, Deputy Interior Secretary, state legislator",22671,9062,2009-11-10 00:31:12,"Walnut Grove, CA"
RepJoeCourtney,Rep. Joe Courtney,85396297,"U.S. Congressman proudly fighting for the residents of Connecticut‚Äôs 2nd Congressional District. https://t.co/qNiLbsYBdJ, Instagram: repjoecourtney",21241,1958,2009-10-26 19:45:09,"Vernon, CT"
RepPaulTonko,Paul Tonko,84119348,"U.S. Representative for New York‚Äôs 20th Congressional District including Albany, Schenectady, Troy, Saratoga Springs, Amsterdam and surrounding areas.",21082,1856,2009-10-21 17:24:57,
BennieGThompson,Bennie G. Thompson,82453460,Husband. Father. Grandfather. Avid hunter. Proudly serving #MS02 in Congress. | Ranking member of @HomelandDems. | Follow my Instagram: @benniegthompson.,7836,395,2009-10-14 20:47:03,"Bolton, Mississippi"
JacksonLeeTX18,Sheila Jackson Lee,80612021,"Official Twitter account for Congresswoman Sheila Jackson Lee, Representing Texas' 18th Congressional District in the U.S. House of Representatives.",48304,2209,2009-10-07 16:13:13,"Houston, TX"
GerryConnolly,Gerry Connolly,78445977,Proudly representing Virginia's 11th District,44871,239,2009-09-29 23:17:33,Virginia's 11th District
BillPascrell,"Bill Pascrell, Jr.",74508260,"Representing the 9th District of New Jersey in the House of Representatives. Member, Ways & Means Committee. Ranking Democrat, Ways & Means Trade Subcommittee.",31725,0,2009-09-15 17:54:32,"Paterson, NJ"
louiseslaughter,Louise Slaughter,63169388,"Honored to serve the people of Rochester and Monroe County, NY. Only microbiologist in Congress and Ranking Member of the House Committee on Rules.",23850,1437,2009-08-05 15:53:07,NY-25
RepAdamSmith,Rep. Adam Smith,58928690,Proudly serving Washington State's 9th District. Ranking Member of the House Armed Services Committee @HASCDemocrats,26785,1572,2009-07-21 21:31:55,Washington's 9th District
RepMikeQuigley,Mike Quigley,56864092,"#IL05 Congressman, House Appropriator, member of Intel Committee, amateur hockey player & hopeful Cubs fan http://t.co/zL9fkzy188  http://t.co/FMe57EKfsC",32861,2190,2009-07-15 00:10:43,"Chicago, IL; Washington, DC"
RepJohnLarson,Rep. John Larson,50452197,Member of Congress representing the First  District of Connecticut.,21535,460,2009-06-24 21:47:31,"Hartford, CT"
HouseDemocrats,House Democrats,43963249,"House Democratic Caucus of the United States Congress. Chairman @RepJoeCrowley, Vice Chair @RepLindaSanchez, @DemsEspanol",620549,792,2009-06-01 20:21:53,"Washington, D.C."
RepJerryNadler,(((Rep. Nadler))),40302336,Representing parts of Manhattan and Brooklyn. I serve on the House Judiciary + Transportation & Infrastructure committees. Follow me at http://t.co/eAS0pRYbYu,46362,1733,2009-05-15 18:37:39,"New York, NY"
USRepMikeDoyle,Mike Doyle,39249305,U.S. Member of Congress representing PA's 14th District,14634,57,2009-05-11 13:22:08,"Pittsburgh, PA"
DorisMatsui,Rep. Doris Matsui,38254095,Representing California's 6th Congressional District - including the capital city of Sacramento. Member of the Energy and Commerce Committee.,28260,8286,2009-05-06 19:20:50,"Sacramento, CA"
RepGutierrez,Luis V. Gutierrez,36948268,I fight for the American dream as a Member of Congress representing the 4th District of IL. More at: https://t.co/6Cv6glBAXt,74853,1392,2009-05-01 14:03:50,Chicago and DC
RepMaxineWaters,Maxine Waters,36686040,Proudly serving the people of California's 43rd District in Congress. Ranking Member of the House Financial Services Committee (@FSCDems).,614902,652,2009-04-30 15:17:45,"Los Angeles/Washington, D.C."
RepBrianHiggins,Brian Higgins,33576489,Official account for the Office of Congressman Brian Higgins (NY-26) representing portions of Erie and Niagara counties. http://t.co/Cpl0TlH2JW,21946,3268,2009-04-20 16:47:06,"WNY and Washington, DC"
RepJoseSerrano,Jose E. Serrano,33563161,"Congressman representing the South Bronx, New York.",23008,1066,2009-04-20 16:06:56,Bronx NY-Wash.DC
FrankPallone,Rep. Frank Pallone,31801993,"The official Twitter account of Congressman Frank Pallone, Jr. (D), of New Jersey's 6th district, Ranking Member of @EnergyCommerce Committee.",26035,2530,2009-04-16 13:51:56,#NJ
jahimes,Jim Himes,31611298,Connecticut Congressman. Reader. Runner. Swimmer. And I make maple syrup.,60884,408,2009-04-16 02:38:33,CT and DC
BradSherman,Rep. Brad Sherman,30216513,Proudly serving California's San Fernando Valley in the U.S. Congress. Admission: Some tweets are prepared by my staff on my behalf. RTs are not an endorsement.,35068,575,2009-04-10 13:38:03,"Sherman Oaks, CA"
RepAdamSchiff,Adam Schiff,29501253,Representing California's 28th Congressional District and Ranking Member of the House Intelligence Committee.,542159,776,2009-04-07 17:54:35,"Burbank, CA"
repjohnlewis,John Lewis,29450962,"Congressman, Georgia's Fifth Congressional District",747731,146,2009-04-07 13:49:52,"Atlanta, GA"
RepRaulGrijalva,Raul M. Grijalva,28602948,Facebook- Raul M. Grijalva  Instagram- RepRaulGrijalva,29299,317,2009-04-03 16:55:32,"Washington, D.C."
RepDianaDeGette,Rep. Diana DeGette,28599820,"Member of Congress, Colorado's 1st Congressional District. Chief Deputy Whip & member of Energy and Commerce Committee.",37240,11352,2009-04-03 16:41:06,"Denver, CO"
repsandylevin,Sandy Levin,25781141,I represent Michigan‚Äôs 9th Congressional District and am the Ranking Member of the House Ways and Means Subcommittee on Health.,26184,17833,2009-03-22 04:32:56,
RepSpeier,Jackie Speier,24913074,"Represents California's 14th Congressional District. House Armed Services Committee, House Permanent Select Committee on Intelligence. https://t.co/gGH33BRdP5",97291,22177,2009-03-17 17:02:38,
RepHankJohnson,Rep. Hank Johnson,24745957,"I fight for justice, civil rights and working people.",27945,767,2009-03-16 18:52:49,"Lithonia, GA; Washington"
janschakowsky,Jan Schakowsky,24195214,"Official Twitter account for Rep. Jan Schakowsky, Illinois 9th Congressional District",34159,1270,2009-03-13 16:03:17,"Chicago, IL"
EleanorNorton,Eleanor H. Norton,23600262,Member of the U.S. Congress,27328,1857,2009-03-10 14:47:46,"Washington, DC"
RepGregoryMeeks,Gregory Meeks,22812754,"Proudly serving the people of the 5th Congressional District of New York. For media inquiries, please contact jordan.morris@mail.house.gov",22237,748,2009-03-04 18:36:27,"Queens, New York"
RepGwenMoore,Rep. Gwen Moore,22669526,"Honored to represent Wisconsin‚Äôs 4th Congressional District. Proud mother, grandmother & great-grandmother. Loves poetry reading, knitting & crocheting.",26345,2320,2009-03-03 20:02:57,"Washington, DC"
repjimcooper,Jim Cooper,22523087,Official feed of U.S. Rep. Jim Cooper. Blue Dog Democrat representing Nashville area in Congress. Married with 3 great kids. Tweets by Jim & staff.,19653,594,2009-03-02 14:25:32,"Nashville, Tennessee"
WhipHoyer,Steny Hoyer,22012091,"The Democratic Whip of the U.S. House of Representatives, representing Maryland's 5th Congressional District.",100053,4050,2009-02-26 14:13:01,"Washington, DC"
RepPerlmutter,Rep. Ed Perlmutter,20552026,"Member of Congress, proudly representing the 7th District of Colorado https://t.co/wLRJaGd9rX",26366,4402,2009-02-10 22:17:52,Colorado
RepSchrader,Rep. Kurt Schrader,20545793,Proudly representing Oregon's 5th Congressional District,21088,755,2009-02-10 21:04:21,Oregon
repbenraylujan,Ben Ray Lujan,19318314,"Proudly Representing New Mexico‚Äôs 3rd Congressional District. @EnergyCommerce Committee, and Member of @HispanicCaucus. Follows, replies & RTs ‚â† endorsement.",16196,640,2009-01-22 01:00:32,
JimLangevin,Jim Langevin,18909919,Congressman for Rhode Island's   Second District,19993,4391,2009-01-12 18:36:58,"Warwick, RI and Washington, DC"
RepSires,Albio Sires,18696134,U.S. Representative for New Jersey's 8th Congressional District,15753,251,2009-01-06 21:22:37,"Washington, DC"
repblumenauer,Earl Blumenauer,15954997,Congressman,49164,203,2008-08-23 06:38:46,"Portland, OR"
NancyPelosi,Nancy Pelosi,15764644,"Democratic Leader, focused on strengthening America's middle class and creating jobs; mother, grandmother, dark chocolate connoisseur.",1368563,324,2008-08-07 15:35:02,San Francisco
jaredpolis,Jared Polis,15361570,"father, entrepreneur,education policy, baseball, tech, politics, gaymer - Day job serving in Congress, also running for Colorado Governor",46828,4414,2008-07-09 03:04:04,"Boulder, CO"
chelliepingree,Chellie Pingree,14984637,"Farmer, mother, Maine islander, Member of Congress, lover of root vegetables",21447,687,2008-06-02 20:29:56,Maine -- the best place to be!
keithellison,Rep. Keith Ellison,14135426,"Member of Congress from Minnesota's Fifth District. Vice Chair & Labor Liason, @USProgressives. Host of We The Podcast. Subscribe here: https://t.co/NSnxwreA3H",348531,6667,2008-03-12 21:38:12,"Minneapolis ‚Äî Washington, D.C."
RepTimRyan,Congressman Tim Ryan,13491312,Proud Husband | Father | @Cavs @Indians @Browns Fan | Congressman for Ohio‚Äôs 13th District,49916,2331,2008-02-14 21:57:32,"Warren, OH"
